{
  "provider": "google_pay",
  "data": {
    "environment": "TEST",
    "apiVersion": 2,
    "apiVersionMinor": 0,
    "allowedPaymentMethods": [
      {
        "type": "CARD",
        "tokenizationSpecification": {
          "type": "PAYMENT_GATEWAY",
          "parameters": {
            "gateway": "example",
            "gatewayMerchantId": "gatewayMerchantId"
          }
        },
        "parameters": {
          "allowedCardNetworks": ["VISA", "MASTERCARD"],
          "allowedAuthMethods": ["PAN_ONLY", "CRYPTOGRAM_3DS"],
          "billingAddressRequired": true,
          "billingAddressParameters": {
            "format": "FULL",
            "phoneNumberRequired": true
          }
        }
      }
    ],
    "merchantInfo": {
      "merchantId": "BCR2DN6T26Q5TUIN",
      "merchantName": "Example Merchant Name"
    },
    "transactionInfo": {
      "countryCode": "US",
      "currencyCode": "USD"
    }
  }
}